"Title","Author","Publication Year","Publication Title","Item Type","DOI","Url","Volume","Issue","Pages","Publisher","Corpus role"
"The Case for Learned Index Structures","Kraska, Tim; Beutel, Alex; Chi, Ed H.; Dean, Jeffrey; Polyzotis, Neoklis","2018","","conferencePaper","10.48550/arXiv.1712.01208","http://arxiv.org/abs/1712.01208","","","","arXiv","primary study"
"ALEX: An Updatable Adaptive Learned Index","Ding, Jialin; Minhas, Umar Farooq; Yu, Jia; Wang, Chi; Do, Jaeyoung; Li, Yinan; Zhang, Hantian; Chandramouli, Badrish; Gehrke, Johannes; Kossmann, Donald; Lomet, David; Kraska, Tim","2020","Proceedings of the 2020 ACM SIGMOD International Conference on Management of Data","conferencePaper","10.1145/3318464.3389711","https://dl.acm.org/doi/10.1145/3318464.3389711","","","969–984","Association for Computing Machinery","primary study"
"Learned Index: A Comprehensive Experimental Evaluation","Sun, Zhaoyan; Zhou, Xuanhe; Li, Guoliang","2023","Proceedings of the VLDB Endowment","journalArticle","10.14778/3594512.3594528","https://dl.acm.org/doi/10.14778/3594512.3594528","16","8","1992-2004","","primary study"
"FITing-Tree: A Data-aware Index Structure","Galakatos, Alex; Markovitch, Michael; Binnig, Carsten; Fonseca, Rodrigo; Kraska, Tim","2019","Proceedings of the 2019 International Conference on Management of Data","conferencePaper","10.1145/3299869.3319860","https://dl.acm.org/doi/10.1145/3299869.3319860","","","1189–1206","Association for Computing Machinery","primary study"
"CARMI: a cache-aware learned index with a cost-based construction algorithm","Zhang, Jiaoyi; Gao, Yihan","2022","Proc. VLDB Endow.","journalArticle","10.14778/3551793.3551823","https://dl.acm.org/doi/10.14778/3551793.3551823","15","11","2679–2691","","primary study"
"Benchmarking learned indexes","Marcus, Ryan; Kipf, Andreas; van Renen, Alexander; Stoian, Mihail; Misra, Sanchit; Kemper, Alfons; Neumann, Thomas; Kraska, Tim","2020","Proc. VLDB Endow.","journalArticle","10.14778/3421424.3421425","https://dl.acm.org/doi/10.14778/3421424.3421425","14","1","1–13","","primary study"
"SageDB: An Instance-Optimized Data Analytics System","Ding, Jialin; Marcus, Ryan; Kipf, Andreas; Nathan, Vikram; Nrusimha, Aniruddha; Vaidya, Kapil; van Renen, Alexander; Kraska, Tim","2022","Proc. VLDB Endow.","journalArticle","10.14778/3565838.3565857","https://dl.acm.org/doi/10.14778/3565838.3565857","15","13","4062–4078","","context"
"Updatable Learned Indexes Meet Disk-Resident DBMS - From Evaluations to Design Choices","Lan, Hai; Bao, Zhifeng; Culpepper, J. Shane; Borovica-Gajic, Renata","2023","Proc. ACM Manag. Data","journalArticle","10.1145/3589284","https://dl.acm.org/doi/10.1145/3589284","1","2","139:1–139:22","","primary study"
"Are updatable learned indexes ready?","Wongkham, Chaichon; Lu, Baotong; Liu, Chris; Zhong, Zhicong; Lo, Eric; Wang, Tianzheng","2022","Proc. VLDB Endow.","journalArticle","10.14778/3551793.3551848","https://dl.acm.org/doi/10.14778/3551793.3551848","15","11","3004–3017","","primary study"
"Limousine: Blending Learned and Classical Indexes to Self-Design Larger-than-Memory Cloud Storage Engines","Chatterjee, Subarna; Pekala, Mark F.; Kruglyak, Lev; Idreos, Stratos","2024","Proc. ACM Manag. Data","journalArticle","10.1145/3639302","https://dl.acm.org/doi/10.1145/3639302","2","1","47:1–47:28","","primary study"
"PostLearn: Towards A Learned Index For PostgreSQL","Fuad, Abrar; Vashisth, Shubham; Balmau, Oana; Kemme, Bettina","2026","Proceedings of the 6th Workshop on Challenges and Opportunities of Efficient and Performant Storage Systems","conferencePaper","10.1145/3805687.3806257","https://dl.acm.org/doi/10.1145/3805687.3806257","","","20–25","Association for Computing Machinery","primary study"
"Understanding Robustness Issues of Updatable Learned Indexes: [Experiments & Analysis]","Luo, Yuanhui; Xie, Minhui; Tong, Yiheng; Jiang, Shichao; Chai, Yunpeng","2025","Proc. ACM Manag. Data","journalArticle","10.1145/3749188","https://dl.acm.org/doi/10.1145/3749188","3","4","270:1–270:25","","primary study"
"A critical analysis of recursive model indexes","Maltry, Marcel; Dittrich, Jens","2022","Proc. VLDB Endow.","journalArticle","10.14778/3510397.3510405","https://dl.acm.org/doi/10.14778/3510397.3510405","15","5","1079–1091","","primary study"
"A New Paradigm in Tuning Learned Indexes: A Reinforcement Learning Enhanced Approach","Wang, Taiyi; Liang, Liang; Yang, Guang; Heinis, Thomas; Yoneki, Eiko","2025","Proc. ACM Manag. Data","journalArticle","10.1145/3725257","https://dl.acm.org/doi/10.1145/3725257","3","3","120:1–120:26","","primary study"
"From LeanStore to LearnedStore: Using a Learned Index to Improve Database Index Search","Maharjan, Sujit; Zhao, Shuaihua; Zhong, Chen; Jiang, Song","2023","2023 International Conference on High Performance Big Data and Intelligent Systems (HDIS)","conferencePaper","10.1109/HDIS60872.2023.10499467","https://ieeexplore.ieee.org/document/10499467","","","162-169","","primary study"
"The PGM-index: a fully-dynamic compressed learned index with provable worst-case bounds","Ferragina, Paolo; Vinciguerra, Giorgio","2020","Proceedings of the VLDB Endowment","journalArticle","10.14778/3389133.3389135","https://dl.acm.org/doi/10.14778/3389133.3389135","13","8","1162–1175","","primary study"
"RadixSpline: A Single-Pass Learned Index","Kipf, Andreas; Marcus, Ryan; Renen, Alexander van; Stoian, Mihail; Kemper, Alfons; Kraska, Tim; Neumann, Thomas","2020","","preprint","10.48550/arXiv.2004.14541","http://arxiv.org/abs/2004.14541","","","","arXiv","primary study"
"DILI: A Distribution-Driven Learned Index (Extended version)","Li, Pengfei; Lu, Hua; Zhu, Rong; Ding, Bolin; Yang, Long; Pan, Gang","2023","","preprint","10.48550/arXiv.2304.08817","http://arxiv.org/abs/2304.08817","","","","arXiv","primary study"
"SWIX: A Memory-efficient Sliding Window Learned Index","Liang, Liang; Yang, Guang; Hadian, Ali; Croquevielle, Luis Alberto; Heinis, Thomas","2024","Proceedings of the ACM on Management of Data","journalArticle","10.1145/3639296","https://dl.acm.org/doi/10.1145/3639296","2","1","41:1–41:26","","primary study"
